{"cameraMode":{"drawMode":0,"name":"Shaded","section":"Shading Mode"},"sceneLighting":true,"audioPlay":false,"sceneViewState":{"showFog":true,"showMaterialUpdate":false,"showSkybox":true,"showFlares":true,"showImageEffects":true,"showParticleSystems":true,"showVisualEffectGraphs":true,"m_FxEnabled":true},"in2DMode":false,"pivot":{"x":-30.375988006591798,"y":1.3944504261016846,"z":30.126901626586915},"rotation":{"x":-0.18233038485050202,"y":0.44210392236709597,"z":-0.09229613840579987,"w":-0.8733736872673035},"size":6.637150764465332,"orthographic":false}