{"cameraMode":{"drawMode":0,"name":"Shaded","section":"Shading Mode"},"sceneLighting":false,"audioPlay":false,"sceneViewState":{"showFog":false,"showMaterialUpdate":false,"showSkybox":false,"showFlares":false,"showImageEffects":false,"showParticleSystems":false,"showVisualEffectGraphs":true,"m_FxEnabled":true},"in2DMode":false,"pivot":{"x":-0.022587358951568605,"y":1.0324413776397706,"z":-0.22180581092834474},"rotation":{"x":-0.025293933227658273,"y":0.9708466529846191,"z":-0.11884680390357971,"w":-0.20662321150302888},"size":1.3230212926864625,"orthographic":false}