{"cameraMode":{"drawMode":0,"name":"Shaded","section":"Shading Mode"},"sceneLighting":false,"audioPlay":false,"sceneViewState":{"showFog":true,"showMaterialUpdate":false,"showSkybox":false,"showFlares":true,"showImageEffects":true,"showParticleSystems":true,"showVisualEffectGraphs":true,"m_FxEnabled":true},"in2DMode":false,"pivot":{"x":-15.082717895507813,"y":2.446078062057495,"z":-7.545224666595459},"rotation":{"x":-0.08417421579360962,"y":0.02898990362882614,"z":-0.0024499548599123956,"w":-0.9960266351699829},"size":1.6163897514343262,"orthographic":false}