{"cameraMode":{"drawMode":0,"name":"Shaded","section":"Shading Mode"},"sceneLighting":true,"audioPlay":false,"sceneViewState":{"showFog":true,"showMaterialUpdate":false,"showSkybox":true,"showFlares":true,"showImageEffects":true,"showParticleSystems":true,"showVisualEffectGraphs":true,"m_FxEnabled":true},"in2DMode":false,"pivot":{"x":-29.915128707885743,"y":1.0188668966293336,"z":30.4401912689209},"rotation":{"x":-0.00005431940371636301,"y":0.9981468319892883,"z":-0.06086035817861557,"w":-0.0008870722376741469},"size":16.09005355834961,"orthographic":false}